why,0
corporate,1
digital,2
asset,3
strategy,4
can,5
drive,6
crypto,7
market,8
one,9
th,10
must,11
fix,12
become,13
currency,14
future,15
trend,16
gamestop,17
palo,18
alto,19
airbnb,20
herme,21
ftse,22
u,23
stock,24
down,25
detail,26
emerge,27
trump,28
reciprocal,29
tariff,30
plan,31
earn,32
factor,33
matter,34
more,35
q4,36
beat,37
post,38
revenue,39
blow,40
past,41
estimate,42
robinhood,43
soar,44
700,45
yearoveryear,46
effect,47
peer,48
pressure,49
among,50
financial,51
advisor,52
bitcoin,53
price,54
rise,55
but,56
xrp,57
slip,58
investor,59
are,60
edge,61
tesla,62
palantir,63
super,64
micro,65
computer,66
entain,67
uk,68
government,69
sitt,70
goldmine,71
lyft,72
mobileye,73
tmobile,74
minute,75
fall,76
what,77
lat,78
levie,79
mean,80
for,81
donald,82
djt,83
want,84
get,85
into,86
etf,87
you,88
now,89
find,90
atm,91
some,92
costco,93
store,94
jump,95
job,96
report,97
fallout,98
mixe,99
most,100
popular,101
fund,102
january,103
microstrategy,104
rebrand,105
leane,106
further,107
it,108
commitment,109
could,110
dive,111
80000,112
ether,113
close,114
threemonth,115
low,116
slide,117
china,118
standoff,119
hitt,120
plummet,121
dragg,122
memecoin,123
plunge,124
trader,125
dump,126
risk,127
after,128
steadie,129
gold,130
do,131
with,132
105000,133
f,134
bank,135
serve,136
client,137
rate,138
talk,139
how,140
hurt,141
3,142
big,143
change,144
know,145
about,146
2025,147
tax,148
season,149
follow,150
tech,151
lower,152
new,153
ai,154
app,155
rattle,156
isnt,157
just,158
threat,159
solana,160
be,161
winner,162
frenzy,163
gain,164
stall,165
actual,166
spike,167
undergoe,168
seismic,169
shift,170
4,171
pro,172
sound,173
off,174
executive,175
order,176
6,177
make,178
or,179
break,180
citi,181
rumble,182
775m,183
tether,184
deal,185
boost,186
liquidity,187
eli,188
lil,189
qualcomm,190
ral,191
lift,192
other,193
play,194
rallie,195
top,196
cryptocurrencie,197
who,198
land,199
inside,200
white,201
house,202
amid,203
rebound,204
ethereum,205
outperform,206
pick,207
procrypto,208
hedge,209
manager,210
scott,211
bessent,212
treasury,213
secretary,214
kraken,215
tetherback,216
dutch,217
firm,218
roll,219
out,220
micacompliant,221
euro,222
dollar,223
stablecoin,224
unveil,225
platform,226
simplify,227
tokenization,228
businesse,229
nationstate,230
money,231
launderer,232
move,233
scam,234
victim,235
face,236
up,237
two,238
decade,239
prison,240
giant,241
enter,242
oil,243
trade,244
by,245
financ,246
45m,247
middle,248
eastern,249
crude,250
chinese,251
national,252
hong,253
kong,254
via,255
trial,256
ceo,257
canadian,258
hold,259
return,260
safe,261
paye,262
720k,263
ransom,264
25b,265
profit,266
q3,267
over,268
100b,269
treasurie,270
foile,271
doj,272
probe,273
recover,274
slight,275
ahead,276
trumpputin,277
elon,278
musk,279
record,280
447,281
billion,282
fortune,283
he,284
near,285
200,286
jeff,287
bezo,288
,289
worth,290
cryptolink,291
key,292
100000,293
threshold,294
first,295
time,296
ever,297
doge,298
lead,299
losse,300
weekend,301
pullback,302
cause,303
500m,304
liquidation,305
launchpad,306
grafun,307
expand,308
clinch,309
user,310
hit,311
fresh,312
85000,313
keep,314
cheer,315
president,316
high,317
confident,318
promise,319
surge,320
above,321
71k,322
wild,323
pump,324
see,325
175m,326
short,327
liquidate,328
warn,329
correction,330
btc,331
dominance,332
reache,333
2021,334
level,335
major,336
dip,337
leverage,338
flush,339
cat,340
token,341
run,342
60,343
binance,344
list,345
start,346
lab,347
division,348
ecosystem,349
bnb,350
chain,351
scroll,352
airdrop,353
allocation,354
met,355
dismay,356
farmer,357
nurse,358
strengthen,359
inflation,360
eth,361
little,362
chang,363
hbo,364
call,365
peter,366
todd,367
creator,368
poor,369
bullish,370
october,371
continue,372
there,373
bull,374
support,375
floki,376
dwf,377
br,378
strength,379
ease,380
bot,381
crosse,382
milestone,383
60k,384
selloff,385
50,386
basi,387
point,388
cut,389
sec,390
place,391
heavier,392
scrutiny,393
propose,394
amend,395
complaint,396
under,397
58k,398
momentum,399
anticipation,400
policie,401
94k,402
shortterm,403
target,404
100k,405
unchang,406
ada,407
101,408
index,409
higher,410
will,411
rout,412
if,413
doesnt,414
deliver,415
184,416
leade,417
ltc,418
85,419
wednesday,420
cardano,421
foundation,422
spent,423
237m,424
2023,425
insight,426
coindesk,427
20,428
performance,429
update,430
pol,431
decline,432
77,433
rocket,434
35,435
hoskinson,436
help,437
policy,438
99,439
thursday,440
pull,441
68k,442
falter,443
election,444
apt,445
uni,446
63,447
all,448
constituent,449
5,450
61k,451
book,452
sugg,453
capp,454
did,455
embarrass,456
community,457
task,458
force,459
stoke,460
optimism,461
industry,462
await,463
action,464
inauguration,465
109k,466
launche,467
cool,468
adoption,469
gett,470
people,471
own,472
expert,473
explain,474
reignite,475
defi,476
use,477
admin,478
enormou,479
vindication,480
inter,481
chair,482
gary,483
gensler,484
resignation,485
inv,486
portfolio,487
not,488
prediction,489
bitwise,490
strategic,491
reserve,492
should,493
todo,494
pompliano,495
asymmetric,496
81k,497
win,498
careful,499
wish,500
regulation,501
bear,502
2,503
decide,504
february,505
takeaway,506
brian,507
armstrong,508
1,509
million,510
create,511
every,512
week,513
embrace,514
meme,515
coin,516
sour,517
mood,518
fuel,519
melania,520
launch,521
cryptocurrency,522
before,523
grinch,524
love,525
knee,526
surgery,527
that,528
eddie,529
johnson,530
rule,531
invest,532
media,533
buy,534
unprofitable,535
usdc,536
issuer,537
circle,538
ipo,539
stripe,540
reopen,541
payment,542
focu,543
convert,544
us1,545
bln,546
eye,547
india,548
comeback,549
obtaine,550
dubai,551
license,552
b,553
beginn,554
10,555
bigg,556
almost,557
trillion,558
watch,559
2024,560
beginner,561
guide,562
stability,563
end,564
tron,565
network,566
need,567
openmind,568
regulator,569
bitgo,570
48,571
link,572
57,573
icp,574
38,575
hbar,576
drop,577
51,578
exvalkyrie,579
founder,580
canary,581
capital,582
group,583
file,584
litecoin,585
12,586
render,587
avax,588
36,589
leap,590
44,591
53,592
green,593
47,594
128,595
push,596
heavy,597
matic,598
69,599
bch,600
04,601
43,602
tuesday,603
27,604
inche,605
monday,606
24,607
71,608
rndr,609
each,610
tumble,611
32,612
on,613
advance,614
flipflop,615
dim,616
22,617
19,618
66k,619
trigger,620
250m,621
brace,622
fomc,623
cpi,624
young,625
perfect,626
millennial,627
genz,628
shib,629
106,630
l,631
gainer,632
last,633
indice,634
chart,635
protocol,636
village,637
layer2,638
meti,639
integrate,640
chainlink,641
ccip,642
canonical,643
bridge,644
131,645
sol,646
03,647
78,648
weigh,649
39,650
etc,651
climb,652
13,653
21,654
70k,655
back,656
speech,657
cash,658
base,659
result,660
mt,661
goxl,662
amplifi,663
stand,664
relative,665
sector,666
rotation,667
analysi,668
struggle,669
halv,670
hover,671
next,672
leg,673
korean,674
go,675
full,676
monty,677
xlm,678
look,679
sand,680
732,681
broad,682
uniswap,683
28,684
degen,685
syndicate,686
blockchain,687
build,688
real,689
stellar,690
phase,691
rollout,692
soroban,693
smart,694
contract,695
exchange,696
volume,697
hot,698
100,699
caution,700
verge,701
collapse,702
altcoin,703
coole,704
highgrowth,705
catalyst,706
prebitcoin,707
special,708
they,709
parabolic,710
beyond,711
better,712
bet,713
sell,714
ju,715
crash,716
burn,717
tipp,718
slipp,719
23,720
previou,721
debt,722
grow,723
june,724
baby,725
dogecoin,726
shiba,727
inu,728
smog,729
heade,730
disaster,731
became,732
political,733
football,734
ear,735
youve,736
never,737
heard,738
immediate,739
carnage,740
bloodbath,741
meltdown,742
volatile,743
amaze,744
double,745
youll,746
bought,747
instead,748
dont,749
these,750
highrisk,751
too,752
late,753
like,754
dogwifhat,755
boome,756
march,757
wanna,758
millionaire,759
vet,760
prime,761
50x,762
once,763
7,764
mint,765
dropp,766
lawsuit,767
monumental,768
lost,769
16,770
when,771
europe,772
doordie,773
moment,774
sent,775
defence,776
soare,777
tank,778
crater,779
collaps,780
slump,781
downturn,782
downward,783
broke,784
failure,785
pessimistic,786
dropinvalue,787
depreciation,788
negative,789
sink,790
worsen,791
stagnant,792
unfavorable,793
crashdown,794
hardhit,795
unpredictable,796
unsustainable,797
bottomout,798
falloff,799
unravel,800
downtrend,801
unsettl,802
downwardspiral,803
reversal,804
descent,805
overleverage,806
unsupportable,807
panic,808
bearmarket,809
shortsell,810
uncertainty,811
manipulation,812
exploit,813
recession,814
strife,815
bankrupt,816
insolvency,817
fear,818
marketcorrection,819
devastate,820
boom,821
upward,822
prosperity,823
positive,824
opportunity,825
thrive,826
explosion,827
uptick,828
accelerate,829
shine,830
optimistic,831
growth,832
flourish,833
skyrocket,834
leadership,835
investment,836
exceed,837
powerful,838
explosive,839
uptrend,840
robust,841
secure,842
valu,843
breakout,844
excite,845
excellent,846
steady,847
recordbreake,848
attract,849
expansion,850
improvement,851
breakthrough,852
